<cardList>
	<weapons>
			<card id = "0">
				<name>weapon</name>
				<manaCost>5</manaCost>
				<attack>3</attack> 
				<durability></durability>
				<artwork></artwork>
				<spellID></spellID>
				<rarity></rarity>
				<class></class>
			</card>
	</weapons>
	<spells>
			<card id = "1">
				<name>spell</name>
				<manaCost>2</manaCost>
				<cardType></cardType>
				<artwork></artwork>
				<spellID></spellID>
				<rarity></rarity>
				<class></class>
			</card>
	</spells>
	<minions>
			<card id = "2">
				<name>minion</name>
				<manaCost>3</manaCost>
				<attack>3</attack> 
				<health></health>
				<artwork></artwork>
				<spellID></spellID>
				<rarity></rarity>
				<class></class>
			</card>
	</minions>
</cardList>